Sl no.,Family,Common name,Scientific name,Source,SoIB concern status,IUCN Red List,WLPA schedule,ldv,dv
1,"Anatidae (Ducks, Geese, and Waterfowl)",Fulvous Whistling-Duck,Dendrocygna bicolor,eBird,Low,Least Concern,Schedule-I,*,
2,"Anatidae (Ducks, Geese, and Waterfowl)",Lesser Whistling-Duck,Dendrocygna javanica,eBird,Low,Least Concern,Schedule-IV,*,
3,"Anatidae (Ducks, Geese, and Waterfowl)",Graylag Goose,Anser anser,eBird,Low,Least Concern,Schedule-IV,*,
4,"Anatidae (Ducks, Geese, and Waterfowl)",Ruddy Shelduck,Tadorna ferruginea,eBird,Low,Least Concern,Schedule-IV,*,
5,"Anatidae (Ducks, Geese, and Waterfowl)",Gadwall,Mareca strepera,eBird,Low,Least Concern,Schedule-IV,*,
6,"Anatidae (Ducks, Geese, and Waterfowl)",Eurasian Wigeon,Mareca penelope,eBird,Low,Least Concern,Schedule-IV,*,
7,"Anatidae (Ducks, Geese, and Waterfowl)",Indian Spot-billed Duck,Anas poecilorhyncha,eBird,Low,Least Concern,Schedule-IV,*,
8,"Anatidae (Ducks, Geese, and Waterfowl)",Northern Pintail,Anas acuta,eBird,Low,Least Concern,Schedule-IV,*,
9,"Anatidae (Ducks, Geese, and Waterfowl)",Tufted Duck,Aythya fuligula,eBird,Low,Least Concern,Schedule-IV,*,
10,"Anatidae (Ducks, Geese, and Waterfowl)",Common Merganser,Mergus merganser,eBird,Low,Least Concern,Schedule-IV,*,
11,"Phasianidae (Pheasants, Grouse, and Allies)",Hill Partridge,Arborophila torqueola,eBird,Low,Least Concern,Schedule-IV,,
12,"Phasianidae (Pheasants, Grouse, and Allies)",Chestnut-breasted Partridge,Arborophila mandellii,eBird,High,Vulnerable,Schedule-IV,*,
13,"Phasianidae (Pheasants, Grouse, and Allies)",Rufous-throated Partridge,Arborophila rufogularis,eBird,Moderate,Least Concern,Schedule-IV,*,
14,"Phasianidae (Pheasants, Grouse, and Allies)",White-cheeked Partridge,Arborophila atrogularis,eBird,Moderate,Near Threatened,Schedule-IV,*,
15,"Phasianidae (Pheasants, Grouse, and Allies)",Gray Peacock-Pheasant,Polyplectron bicalcaratum,eBird,NA,Least Concern,Schedule-I,*,
16,"Phasianidae (Pheasants, Grouse, and Allies)",Blue-breasted Quail,Synoicus chinensis,eBird,NA,Least Concern,Schedule-IV,*,
17,"Phasianidae (Pheasants, Grouse, and Allies)",Swamp Francolin,Francolinus gularis,eBird,High,Vulnerable,Schedule-IV,*,
18,"Phasianidae (Pheasants, Grouse, and Allies)",Red Junglefowl,Gallus gallus,eBird,Low,Least Concern,Schedule-IV,*,
19,"Phasianidae (Pheasants, Grouse, and Allies)",Blood Pheasant,Ithaginis cruentus,eBird,Moderate,Least Concern,Schedule-I,*,
20,"Phasianidae (Pheasants, Grouse, and Allies)",Himalayan Monal,Lophophorus impejanus,eBird,Low,Least Concern,Schedule-I,*,
21,"Phasianidae (Pheasants, Grouse, and Allies)",Sclater's Monal,Lophophorus sclateri,eBird,High,Vulnerable,Schedule-I,*,
22,"Phasianidae (Pheasants, Grouse, and Allies)",Blyth's Tragopan,Tragopan blythii,eBird,High,Vulnerable,Schedule-I,*,
23,"Phasianidae (Pheasants, Grouse, and Allies)",Temminck's Tragopan,Tragopan temminckii,eBird,NA,Least Concern,Schedule-I,*,
24,"Phasianidae (Pheasants, Grouse, and Allies)",Kalij Pheasant,Lophura leucomelanos,eBird,Low,Least Concern,Schedule-I,,
25,Columbidae (Pigeons and Doves),Rock Pigeon,Columba livia,eBird,Low,Least Concern,Schedule-IV,*,
26,Columbidae (Pigeons and Doves),Speckled Wood-Pigeon,Columba hodgsonii,eBird,Low,Least Concern,Schedule-IV,*,
27,Columbidae (Pigeons and Doves),Ashy Wood-Pigeon,Columba pulchricollis,eBird,Moderate,Least Concern,Schedule-IV,*,
28,Columbidae (Pigeons and Doves),Pale-capped Pigeon,Columba punicea,eBird,High,Vulnerable,Schedule-IV,*,
29,Columbidae (Pigeons and Doves),Oriental Turtle-Dove,Streptopelia orientalis,eBird,Low,Least Concern,Schedule-IV,*,
30,Columbidae (Pigeons and Doves),Spotted Dove,Streptopelia chinensis,eBird,Low,Least Concern,Schedule-IV,*,
31,Columbidae (Pigeons and Doves),Barred Cuckoo-Dove,Macropygia unchall,eBird,Low,Least Concern,Schedule-IV,*,
32,Columbidae (Pigeons and Doves),Asian Emerald Dove,Chalcophaps indica,eBird,Low,Least Concern,Schedule-IV,,
33,Columbidae (Pigeons and Doves),Ashy-headed Green-Pigeon,Treron phayrei,eBird,NA,Near Threatened,Schedule-IV,*,
34,Columbidae (Pigeons and Doves),Thick-billed Green-Pigeon,Treron curvirostra,eBird,NA,Least Concern,Schedule-IV,*,
35,Columbidae (Pigeons and Doves),Pin-tailed Green-Pigeon,Treron apicauda,eBird,Low,Least Concern,Schedule-IV,*,
36,Columbidae (Pigeons and Doves),Wedge-tailed Green-Pigeon,Treron sphenurus,eBird,Low,Least Concern,Schedule-IV,*,
37,Columbidae (Pigeons and Doves),Green Imperial-Pigeon,Ducula aenea,eBird,Low,Least Concern,Schedule-IV,*,
38,Columbidae (Pigeons and Doves),Mountain Imperial-Pigeon,Ducula badia,eBird,Moderate,Least Concern,Schedule-IV,*,
39,Otididae (Bustards),Bengal Florican,Houbaropsis bengalensis,eBird,High,Critically Endangered,Schedule-I,*,
40,Cuculidae (Cuckoos),Greater Coucal,Centropus sinensis,eBird,Low,Least Concern,Schedule-IV,*,
41,Cuculidae (Cuckoos),Lesser Coucal,Centropus bengalensis,eBird,Low,Least Concern,Schedule-IV,*,
42,Cuculidae (Cuckoos),Green-billed Malkoha,Phaenicophaeus tristis,eBird,Low,Least Concern,Schedule-IV,*,
43,Cuculidae (Cuckoos),Chestnut-winged Cuckoo,Clamator coromandus,eBird,NA,Least Concern,Schedule-IV,*,
44,Cuculidae (Cuckoos),Asian Koel,Eudynamys scolopaceus,eBird,Low,Least Concern,Schedule-IV,*,
45,Cuculidae (Cuckoos),Asian Emerald Cuckoo,Chrysococcyx maculatus,eBird,NA,Least Concern,Schedule-IV,*,
46,Cuculidae (Cuckoos),Banded Bay Cuckoo,Cacomantis sonneratii,eBird,Moderate,Least Concern,Schedule-IV,*,
47,Cuculidae (Cuckoos),Plaintive Cuckoo,Cacomantis merulinus,eBird,Moderate,Least Concern,Schedule-IV,*,
48,Cuculidae (Cuckoos),Square-tailed Drongo-Cuckoo,Surniculus lugubris,eBird,Low,Least Concern,Schedule-IV,*,
49,Cuculidae (Cuckoos),Large Hawk-Cuckoo,Hierococcyx sparverioides,eBird,Low,Least Concern,Schedule-IV,*,
50,Cuculidae (Cuckoos),Hodgson's Hawk-Cuckoo,Hierococcyx nisicolor,eBird,NA,Least Concern,Schedule-IV,*,
51,Cuculidae (Cuckoos),Lesser Cuckoo,Cuculus poliocephalus,eBird,Moderate,Least Concern,Schedule-IV,*,
52,Cuculidae (Cuckoos),Indian Cuckoo,Cuculus micropterus,eBird,Moderate,Least Concern,Schedule-IV,*,
53,Cuculidae (Cuckoos),Himalayan Cuckoo,Cuculus saturatus,eBird,Moderate,Least Concern,Schedule-IV,*,
54,Cuculidae (Cuckoos),Common Cuckoo,Cuculus canorus,eBird,Moderate,Least Concern,Schedule-IV,*,
55,Podargidae (Frogmouths),Hodgson's Frogmouth,Batrachostomus hodgsoni,eBird,NA,Least Concern,Schedule-I,*,
56,Caprimulgidae (Nightjars and Allies),Great Eared-Nightjar,Lyncornis macrotis,eBird,NA,Least Concern,Schedule-IV,,!
57,Caprimulgidae (Nightjars and Allies),Gray Nightjar,Caprimulgus jotaka,eBird,NA,Least Concern,Schedule-IV,*,
58,Caprimulgidae (Nightjars and Allies),Large-tailed Nightjar,Caprimulgus macrurus,eBird,NA,Least Concern,Schedule-IV,*,
59,Apodidae (Swifts),White-throated Needletail,Hirundapus caudacutus,eBird,NA,Least Concern,Schedule-IV,*,
60,Apodidae (Swifts),Himalayan Swiftlet,Aerodramus brevirostris,eBird,Moderate,Least Concern,Schedule-IV,*,
61,Apodidae (Swifts),Blyth's Swift,Apus leuconyx,eBird,Moderate,Least Concern,Schedule-IV,*,
62,Apodidae (Swifts),House Swift,Apus nipalensis,eBird,NA,Least Concern,Schedule-IV,*,
63,Apodidae (Swifts),Asian Palm-Swift,Cypsiurus balasiensis,eBird,Low,Least Concern,Schedule-IV,*,
64,"Rallidae (Rails, Gallinules, and Coots)",Eurasian Moorhen,Gallinula chloropus,eBird,Low,Least Concern,Schedule-IV,*,
65,"Rallidae (Rails, Gallinules, and Coots)",Eurasian Coot,Fulica atra,eBird,Moderate,Least Concern,Schedule-IV,*,
66,"Rallidae (Rails, Gallinules, and Coots)",Gray-headed Swamphen,Porphyrio poliocephalus,eBird,Moderate,Least Concern,Schedule-IV,*,
67,"Rallidae (Rails, Gallinules, and Coots)",Watercock,Gallicrex cinerea,eBird,Moderate,Least Concern,Schedule-IV,*,
68,"Rallidae (Rails, Gallinules, and Coots)",White-breasted Waterhen,Amaurornis phoenicurus,eBird,Low,Least Concern,Schedule-IV,*,
69,Ibidorhynchidae (Ibisbill),Ibisbill,Ibidorhyncha struthersii,eBird,NA,Least Concern,Schedule-IV,,!
70,Charadriidae (Plovers and Lapwings),Northern Lapwing,Vanellus vanellus,eBird,Moderate,Near Threatened,Schedule-IV,*,
71,Charadriidae (Plovers and Lapwings),River Lapwing,Vanellus duvaucelii,eBird,Moderate,Near Threatened,Schedule-IV,*,
72,Charadriidae (Plovers and Lapwings),Red-wattled Lapwing,Vanellus indicus,eBird,Low,Least Concern,Schedule-IV,*,
73,Charadriidae (Plovers and Lapwings),Kentish Plover,Charadrius alexandrinus,eBird,Moderate,Least Concern,Schedule-IV,*,
74,Charadriidae (Plovers and Lapwings),Little Ringed Plover,Charadrius dubius,eBird,Moderate,Least Concern,Schedule-IV,*,
75,Rostratulidae (Painted-Snipes),Greater Painted-Snipe,Rostratula benghalensis,eBird,Moderate,Least Concern,Schedule-IV,*,
76,Jacanidae (Jacanas),Pheasant-tailed Jacana,Hydrophasianus chirurgus,eBird,Moderate,Least Concern,Schedule-IV,*,
77,Scolopacidae (Sandpipers and Allies),Temminck's Stint,Calidris temminckii,eBird,Moderate,Least Concern,Schedule-IV,*,
78,Scolopacidae (Sandpipers and Allies),Little Stint,Calidris minuta,eBird,Moderate,Least Concern,Schedule-IV,*,
79,Scolopacidae (Sandpipers and Allies),Eurasian Woodcock,Scolopax rusticola,eBird,NA,Least Concern,Schedule-IV,*,
80,Scolopacidae (Sandpipers and Allies),Solitary Snipe,Gallinago solitaria,eBird,NA,Least Concern,Schedule-IV,*,
81,Scolopacidae (Sandpipers and Allies),Wood Snipe,Gallinago nemoricola,eBird,NA,Vulnerable,Schedule-IV,*,
82,Scolopacidae (Sandpipers and Allies),Pin-tailed Snipe,Gallinago stenura,eBird,Moderate,Least Concern,Schedule-IV,*,
83,Scolopacidae (Sandpipers and Allies),Common Sandpiper,Actitis hypoleucos,eBird,Moderate,Least Concern,Schedule-IV,*,
84,Scolopacidae (Sandpipers and Allies),Green Sandpiper,Tringa ochropus,eBird,Moderate,Least Concern,Schedule-IV,*,
85,Scolopacidae (Sandpipers and Allies),Common Greenshank,Tringa nebularia,eBird,High,Least Concern,Schedule-IV,*,
86,Scolopacidae (Sandpipers and Allies),Wood Sandpiper,Tringa glareola,eBird,Low,Least Concern,Schedule-IV,*,
87,Scolopacidae (Sandpipers and Allies),Common Redshank,Tringa totanus,eBird,Moderate,Least Concern,Schedule-IV,*,
88,Glareolidae (Pratincoles and Coursers),Small Pratincole,Glareola lactea,eBird,Moderate,Least Concern,Schedule-IV,*,
89,"Laridae (Gulls, Terns, and Skimmers)",Pallas's Gull,Ichthyaetus ichthyaetus,eBird,Low,Least Concern,Schedule-IV,*,
90,Ciconiidae (Storks),Asian Openbill,Anastomus oscitans,eBird,Low,Least Concern,Schedule-IV,*,
91,Ciconiidae (Storks),Black Stork,Ciconia nigra,eBird,Moderate,Least Concern,Schedule-IV,*,
92,Ciconiidae (Storks),Woolly-necked Stork,Ciconia episcopus,eBird,Low,Vulnerable,Schedule-IV,*,
93,Ciconiidae (Storks),Lesser Adjutant,Leptoptilos javanicus,eBird,Moderate,Vulnerable,Schedule-IV,*,
94,Phalacrocoracidae (Cormorants and Shags),Little Cormorant,Microcarbo niger,eBird,Low,Least Concern,Schedule-IV,*,
95,Phalacrocoracidae (Cormorants and Shags),Great Cormorant,Phalacrocorax carbo,eBird,Low,Least Concern,Schedule-IV,,
96,"Ardeidae (Herons, Egrets, and Bitterns)",Cinnamon Bittern,Ixobrychus cinnamomeus,eBird,High,Least Concern,Schedule-IV,*,
97,"Ardeidae (Herons, Egrets, and Bitterns)",Gray Heron,Ardea cinerea,eBird,Low,Least Concern,Schedule-IV,*,
98,"Ardeidae (Herons, Egrets, and Bitterns)",Purple Heron,Ardea purpurea,eBird,Low,Least Concern,Schedule-IV,*,
99,"Ardeidae (Herons, Egrets, and Bitterns)",Great Egret,Ardea alba,eBird,Low,Least Concern,Schedule-IV,*,
100,"Ardeidae (Herons, Egrets, and Bitterns)",Intermediate Egret,Ardea intermedia,eBird,Low,Least Concern,Schedule-IV,*,
101,"Ardeidae (Herons, Egrets, and Bitterns)",Little Egret,Egretta garzetta,eBird,Low,Least Concern,Schedule-IV,*,
102,"Ardeidae (Herons, Egrets, and Bitterns)",Cattle Egret,Bubulcus ibis,eBird,Low,Least Concern,Schedule-IV,*,
103,"Ardeidae (Herons, Egrets, and Bitterns)",Indian Pond-Heron,Ardeola grayii,eBird,Low,Least Concern,Schedule-IV,*,
104,"Ardeidae (Herons, Egrets, and Bitterns)",Chinese Pond-Heron,Ardeola bacchus,eBird,NA,Least Concern,Schedule-IV,*,
105,"Ardeidae (Herons, Egrets, and Bitterns)",Striated Heron,Butorides striata,eBird,Low,Least Concern,Schedule-IV,*,
106,"Ardeidae (Herons, Egrets, and Bitterns)",Black-crowned Night-Heron,Nycticorax nycticorax,eBird,Low,Least Concern,Schedule-IV,*,
107,Pandionidae (Osprey),Osprey,Pandion haliaetus,eBird,Low,Least Concern,Schedule-I,*,
108,"Accipitridae (Hawks, Eagles, and Kites)",Black-winged Kite,Elanus caeruleus,eBird,Low,Least Concern,Schedule-I,*,
109,"Accipitridae (Hawks, Eagles, and Kites)",Oriental Honey-buzzard,Pernis ptilorhynchus,eBird,Low,Least Concern,Schedule-I,,
110,"Accipitridae (Hawks, Eagles, and Kites)",Jerdon's Baza,Aviceda jerdoni,eBird,Moderate,Least Concern,Schedule-I,*,
111,"Accipitridae (Hawks, Eagles, and Kites)",Red-headed Vulture,Sarcogyps calvus,eBird,High,Critically Endangered,Schedule-IV,*,
112,"Accipitridae (Hawks, Eagles, and Kites)",White-rumped Vulture,Gyps bengalensis,eBird,High,Critically Endangered,Schedule-I,*,
113,"Accipitridae (Hawks, Eagles, and Kites)",Slender-billed Vulture,Gyps tenuirostris,eBird,High,Critically Endangered,Schedule-I,*,
114,"Accipitridae (Hawks, Eagles, and Kites)",Himalayan Griffon,Gyps himalayensis,eBird,Moderate,Near Threatened,Schedule-IV,*,
115,"Accipitridae (Hawks, Eagles, and Kites)",Eurasian Griffon,Gyps fulvus,eBird,Moderate,Least Concern,Schedule-IV,*,
116,"Accipitridae (Hawks, Eagles, and Kites)",Crested Serpent-Eagle,Spilornis cheela,eBird,Low,Least Concern,Schedule-I,,
117,"Accipitridae (Hawks, Eagles, and Kites)",Short-toed Snake-Eagle,Circaetus gallicus,eBird,High,Least Concern,Schedule-I,*,
118,"Accipitridae (Hawks, Eagles, and Kites)",Changeable Hawk-Eagle,Nisaetus cirrhatus,eBird,Low,Least Concern,Schedule-I,*,
119,"Accipitridae (Hawks, Eagles, and Kites)",Mountain Hawk-Eagle,Nisaetus nipalensis,eBird,Low,Least Concern,Schedule-I,*,
120,"Accipitridae (Hawks, Eagles, and Kites)",Rufous-bellied Eagle,Lophotriorchis kienerii,eBird,Moderate,Near Threatened,Schedule-I,*,
121,"Accipitridae (Hawks, Eagles, and Kites)",Black Eagle,Ictinaetus malaiensis,eBird,Low,Least Concern,Schedule-I,*,
122,"Accipitridae (Hawks, Eagles, and Kites)",Greater Spotted Eagle,Clanga clanga,eBird,Moderate,Vulnerable,Schedule-I,*,
123,"Accipitridae (Hawks, Eagles, and Kites)",Booted Eagle,Hieraaetus pennatus,eBird,Low,Least Concern,Schedule-I,*,
124,"Accipitridae (Hawks, Eagles, and Kites)",Steppe Eagle,Aquila nipalensis,eBird,High,Endangered,Schedule-I,*,
125,"Accipitridae (Hawks, Eagles, and Kites)",Eurasian Marsh-Harrier,Circus aeruginosus,eBird,Low,Least Concern,Schedule-I,*,
126,"Accipitridae (Hawks, Eagles, and Kites)",Hen Harrier,Circus cyaneus,eBird,NA,Least Concern,Schedule-I,,
127,"Accipitridae (Hawks, Eagles, and Kites)",Pallid Harrier,Circus macrourus,eBird,Moderate,Near Threatened,Schedule-I,*,
128,"Accipitridae (Hawks, Eagles, and Kites)",Pied Harrier,Circus melanoleucos,eBird,NA,Least Concern,Schedule-I,*,
129,"Accipitridae (Hawks, Eagles, and Kites)",Crested Goshawk,Accipiter trivirgatus,eBird,Low,Least Concern,Schedule-I,*,
130,"Accipitridae (Hawks, Eagles, and Kites)",Shikra,Accipiter badius,eBird,Low,Least Concern,Schedule-I,,
131,"Accipitridae (Hawks, Eagles, and Kites)",Besra,Accipiter virgatus,eBird,Moderate,Least Concern,Schedule-I,*,
132,"Accipitridae (Hawks, Eagles, and Kites)",Eurasian Sparrowhawk,Accipiter nisus,eBird,Moderate,Least Concern,Schedule-I,,
133,"Accipitridae (Hawks, Eagles, and Kites)",Northern Goshawk,Accipiter gentilis,eBird,NA,Least Concern,Schedule-I,*,
134,"Accipitridae (Hawks, Eagles, and Kites)",Black Kite,Milvus migrans,eBird,Low,Least Concern,Schedule-I,*,
135,"Accipitridae (Hawks, Eagles, and Kites)",White-tailed Eagle,Haliaeetus albicilla,eBird,NA,Least Concern,Schedule-I,,!
136,"Accipitridae (Hawks, Eagles, and Kites)",Common Buzzard,Buteo buteo,eBird,Low,Least Concern,Schedule-I,*,
137,"Accipitridae (Hawks, Eagles, and Kites)",Himalayan Buzzard,Buteo refectus,eBird,Low,Least Concern,Schedule-I,,
138,"Accipitridae (Hawks, Eagles, and Kites)",Long-legged Buzzard,Buteo rufinus,eBird,Low,Least Concern,Schedule-I,*,
139,Tytonidae (Barn-Owls),Australasian Grass-Owl,Tyto longimembris,eBird,NA,Least Concern,Schedule-IV,*,
140,Tytonidae (Barn-Owls),Barn Owl,Tyto alba,eBird,NA,Least Concern,Schedule-IV,*,
141,Strigidae (Owls),Mountain Scops-Owl,Otus spilocephalus,eBird,NA,Least Concern,Schedule-IV,*,
142,Strigidae (Owls),Collared Scops-Owl,Otus lettia,eBird,NA,Least Concern,Schedule-IV,,
143,Strigidae (Owls),Oriental Scops-Owl,Otus sunia,eBird,NA,Least Concern,Schedule-IV,*,
144,Strigidae (Owls),Brown Fish-Owl,Ketupa zeylonensis,eBird,Low,Least Concern,Schedule-IV,*,
145,Strigidae (Owls),Collared Owlet,Glaucidium brodiei,eBird,Low,Least Concern,Schedule-IV,*,
146,Strigidae (Owls),Asian Barred Owlet,Glaucidium cuculoides,eBird,Low,Least Concern,Schedule-IV,,
147,Strigidae (Owls),Spotted Owlet,Athene brama,eBird,NA,Least Concern,Schedule-IV,*,
148,Strigidae (Owls),Brown Wood-Owl,Strix leptogrammica,eBird,NA,Least Concern,Schedule-IV,*,
149,Strigidae (Owls),Himalayan Owl,Strix nivicolum,eBird,NA,Least Concern,Schedule-IV,*,
150,Strigidae (Owls),Long-eared Owl,Asio otus,eBird,NA,Least Concern,Schedule-IV,*,
151,Strigidae (Owls),Brown Boobook,Ninox scutulata,eBird,NA,Least Concern,Schedule-IV,*,
152,Trogonidae (Trogons),Red-headed Trogon,Harpactes erythrocephalus,eBird,Low,Least Concern,Schedule-IV,*,
153,Trogonidae (Trogons),Ward's Trogon,Harpactes wardi,eBird,High,Near Threatened,Schedule-IV,*,
154,Upupidae (Hoopoes),Eurasian Hoopoe,Upupa epops,eBird,Moderate,Least Concern,Schedule-IV,,
155,Bucerotidae (Hornbills),Oriental Pied-Hornbill,Anthracoceros albirostris,eBird,Low,Least Concern,Schedule-I,*,
156,Bucerotidae (Hornbills),Rufous-necked Hornbill,Aceros nipalensis,eBird,High,Vulnerable,Schedule-I,*,
157,Bucerotidae (Hornbills),Wreathed Hornbill,Rhyticeros undulatus,eBird,High,Vulnerable,Schedule-I,*,
158,Alcedinidae (Kingfishers),Common Kingfisher,Alcedo atthis,eBird,Low,Least Concern,Schedule-IV,*,
159,Alcedinidae (Kingfishers),Blue-eared Kingfisher,Alcedo meninting,eBird,Low,Least Concern,Schedule-IV,*,
160,Alcedinidae (Kingfishers),Stork-billed Kingfisher,Pelargopsis capensis,eBird,Low,Least Concern,Schedule-IV,*,
161,Alcedinidae (Kingfishers),Ruddy Kingfisher,Halcyon coromanda,eBird,NA,Least Concern,Schedule-IV,*,
162,Alcedinidae (Kingfishers),White-throated Kingfisher,Halcyon smyrnensis,eBird,Low,Least Concern,Schedule-IV,*,
163,Alcedinidae (Kingfishers),Black-capped Kingfisher,Halcyon pileata,eBird,Moderate,Least Concern,Schedule-IV,*,
164,Alcedinidae (Kingfishers),Crested Kingfisher,Megaceryle lugubris,eBird,Low,Least Concern,Schedule-IV,,
165,Alcedinidae (Kingfishers),Pied Kingfisher,Ceryle rudis,eBird,Moderate,Least Concern,Schedule-IV,*,
166,Meropidae (Bee-eaters),Blue-bearded Bee-eater,Nyctyornis athertoni,eBird,Low,Least Concern,Schedule-IV,*,
167,Meropidae (Bee-eaters),Green Bee-eater,Merops orientalis,eBird,Low,Least Concern,Schedule-IV,*,
168,Meropidae (Bee-eaters),Chestnut-headed Bee-eater,Merops leschenaulti,eBird,Low,Least Concern,Schedule-IV,*,
169,Coraciidae (Rollers),Indochinese Roller,Coracias affinis,eBird,NA,NA,NA,*,
170,Megalaimidae (Asian Barbets),Coppersmith Barbet,Psilopogon haemacephalus,eBird,Low,Least Concern,Schedule-IV,*,
171,Megalaimidae (Asian Barbets),Blue-eared Barbet,Psilopogon duvaucelii,eBird,Low,Least Concern,Schedule-IV,*,
172,Megalaimidae (Asian Barbets),Great Barbet,Psilopogon virens,eBird,Low,Least Concern,Schedule-IV,,
173,Megalaimidae (Asian Barbets),Lineated Barbet,Psilopogon lineatus,eBird,Low,Least Concern,Schedule-IV,*,
174,Megalaimidae (Asian Barbets),Golden-throated Barbet,Psilopogon franklinii,eBird,Moderate,Least Concern,Schedule-IV,,
175,Megalaimidae (Asian Barbets),Blue-throated Barbet,Psilopogon asiaticus,eBird,Low,Least Concern,Schedule-IV,*,
176,Indicatoridae (Honeyguides),Yellow-rumped Honeyguide,Indicator xanthonotus,eBird,Moderate,Near Threatened,Schedule-IV,*,
177,Picidae (Woodpeckers),Eurasian Wryneck,Jynx torquilla,eBird,Low,Least Concern,Schedule-IV,*,
178,Picidae (Woodpeckers),Speckled Piculet,Picumnus innominatus,eBird,Low,Least Concern,Schedule-IV,,
179,Picidae (Woodpeckers),White-browed Piculet,Sasia ochracea,eBird,Low,Least Concern,Schedule-IV,,
180,Picidae (Woodpeckers),Gray-capped Woodpecker,Yungipicus canicapillus,eBird,Moderate,Least Concern,Schedule-IV,*,
181,Picidae (Woodpeckers),Rufous-bellied Woodpecker,Dendrocopos hyperythrus,eBird,Low,Least Concern,Schedule-IV,*,
182,Picidae (Woodpeckers),Fulvous-breasted Woodpecker,Dendrocopos macei,eBird,Low,Least Concern,Schedule-IV,*,
183,Picidae (Woodpeckers),Darjeeling Woodpecker,Dendrocopos darjellensis,eBird,Moderate,Least Concern,Schedule-IV,*,
184,Picidae (Woodpeckers),Crimson-breasted Woodpecker,Dryobates cathpharius,eBird,NA,Least Concern,Schedule-IV,,
185,Picidae (Woodpeckers),Bay Woodpecker,Blythipicus pyrrhotis,eBird,Low,Least Concern,Schedule-IV,,
186,Picidae (Woodpeckers),Greater Flameback,Chrysocolaptes guttacristatus,eBird,Low,Least Concern,Schedule-IV,*,
187,Picidae (Woodpeckers),Rufous Woodpecker,Micropternus brachyurus,eBird,Low,Least Concern,Schedule-IV,*,
188,Picidae (Woodpeckers),Pale-headed Woodpecker,Gecinulus grantia,eBird,Moderate,Least Concern,Schedule-IV,*,
189,Picidae (Woodpeckers),Black-rumped Flameback,Dinopium benghalense,eBird,Low,Least Concern,Schedule-IV,*,
190,Picidae (Woodpeckers),Lesser Yellownape,Picus chlorolophus,eBird,Low,Least Concern,Schedule-IV,*,
191,Picidae (Woodpeckers),Gray-headed Woodpecker,Picus canus,eBird,Low,Least Concern,Schedule-IV,,
192,Picidae (Woodpeckers),Greater Yellownape,Chrysophlegma flavinucha,eBird,Low,Least Concern,Schedule-IV,*,
193,Picidae (Woodpeckers),Great Slaty Woodpecker,Mulleripicus pulverulentus,eBird,High,Vulnerable,Schedule-IV,*,
194,Falconidae (Falcons and Caracaras),Pied Falconet,Microhierax melanoleucos,eBird,NA,Least Concern,Schedule-IV,*,
195,Falconidae (Falcons and Caracaras),Eurasian Kestrel,Falco tinnunculus,eBird,Moderate,Least Concern,Schedule-IV,,
196,Falconidae (Falcons and Caracaras),Amur Falcon,Falco amurensis,eBird,Low,Least Concern,Schedule-IV,*,
197,Falconidae (Falcons and Caracaras),Eurasian Hobby,Falco subbuteo,eBird,Low,Least Concern,Schedule-IV,*,
198,Falconidae (Falcons and Caracaras),Oriental Hobby,Falco severus,eBird,NA,Least Concern,Schedule-IV,*,
199,Falconidae (Falcons and Caracaras),Peregrine Falcon,Falco peregrinus,eBird,Low,Least Concern,Schedule-I,*,
200,Psittaculidae (Old World Parrots),Rose-ringed Parakeet,Psittacula krameri,eBird,Low,Least Concern,Schedule-IV,*,
201,Psittaculidae (Old World Parrots),Gray-headed Parakeet,Psittacula finschii,eBird,NA,Near Threatened,Schedule-IV,*,
202,Psittaculidae (Old World Parrots),Blossom-headed Parakeet,Psittacula roseata,eBird,NA,Near Threatened,Schedule-IV,*,
203,Psittaculidae (Old World Parrots),Red-breasted Parakeet,Psittacula alexandri,eBird,Moderate,Near Threatened,Schedule-IV,*,
204,Psittaculidae (Old World Parrots),Vernal Hanging-Parrot,Loriculus vernalis,eBird,Low,Least Concern,Schedule-IV,*,
205,Eurylaimidae (Asian and Grauer's Broadbills),Long-tailed Broadbill,Psarisomus dalhousiae,eBird,Low,Least Concern,Schedule-IV,*,
206,Eurylaimidae (Asian and Grauer's Broadbills),Silver-breasted Broadbill,Serilophus lunatus,eBird,NA,Least Concern,Schedule-IV,*,
207,Pittidae (Pittas),Blue-naped Pitta,Hydrornis nipalensis,eBird,Moderate,Least Concern,Schedule-IV,*,
208,Pittidae (Pittas),Hooded Pitta,Pitta sordida,eBird,NA,Least Concern,Schedule-IV,*,
209,Campephagidae (Cuckooshrikes),Small Minivet,Pericrocotus cinnamomeus,eBird,High,Least Concern,Schedule-IV,*,
210,Campephagidae (Cuckooshrikes),Gray-chinned Minivet,Pericrocotus solaris,eBird,NA,Least Concern,Schedule-IV,,
211,Campephagidae (Cuckooshrikes),Short-billed Minivet,Pericrocotus brevirostris,eBird,Low,Least Concern,Schedule-IV,*,
212,Campephagidae (Cuckooshrikes),Long-tailed Minivet,Pericrocotus ethologus,eBird,Moderate,Least Concern,Schedule-IV,*,
213,Campephagidae (Cuckooshrikes),Scarlet Minivet,Pericrocotus speciosus,eBird,Low,Least Concern,Schedule-IV,,
214,Campephagidae (Cuckooshrikes),Rosy Minivet,Pericrocotus roseus,eBird,NA,Least Concern,Schedule-IV,*,
215,Campephagidae (Cuckooshrikes),Large Cuckooshrike,Coracina macei,eBird,High,Least Concern,Schedule-IV,*,
216,Campephagidae (Cuckooshrikes),Black-winged Cuckooshrike,Lalage melaschistos,eBird,Low,Least Concern,Schedule-IV,*,
217,"Vireonidae (Vireos, Shrike-Babblers, and Erpornis)",Black-headed Shrike-Babbler,Pteruthius rufiventer,eBird,Moderate,Least Concern,Schedule-IV,*,
218,"Vireonidae (Vireos, Shrike-Babblers, and Erpornis)",Blyth's Shrike-Babbler,Pteruthius aeralatus,eBird,NA,Least Concern,Schedule-IV,*,
219,"Vireonidae (Vireos, Shrike-Babblers, and Erpornis)",Green Shrike-Babbler,Pteruthius xanthochlorus,eBird,Low,Least Concern,Schedule-IV,,
220,"Vireonidae (Vireos, Shrike-Babblers, and Erpornis)",Black-eared Shrike-Babbler,Pteruthius melanotis,eBird,NA,Least Concern,Schedule-IV,,
221,"Vireonidae (Vireos, Shrike-Babblers, and Erpornis)",White-bellied Erpornis,Erpornis zantholeuca,eBird,Low,Least Concern,Schedule-IV,,
222,Oriolidae (Old World Orioles),Black-hooded Oriole,Oriolus xanthornus,eBird,Low,Least Concern,Schedule-IV,*,
223,Oriolidae (Old World Orioles),Maroon Oriole,Oriolus traillii,eBird,Low,Least Concern,Schedule-IV,*,
224,"Artamidae (Woodswallows, Bellmagpies, and Allies)",Ashy Woodswallow,Artamus fuscus,eBird,Moderate,Least Concern,Schedule-IV,*,
225,"Vangidae (Vangas, Helmetshrikes, and Allies)",Large Woodshrike,Tephrodornis virgatus,eBird,Low,Least Concern,Schedule-IV,*,
226,"Vangidae (Vangas, Helmetshrikes, and Allies)",Bar-winged Flycatcher-shrike,Hemipus picatus,eBird,Moderate,Least Concern,Schedule-IV,,
227,Aegithinidae (Ioras),Common Iora,Aegithina tiphia,eBird,Moderate,Least Concern,Schedule-IV,*,
228,Rhipiduridae (Fantails),White-throated Fantail,Rhipidura albicollis,eBird,Low,Least Concern,Schedule-IV,,
229,Dicruridae (Drongos),Black Drongo,Dicrurus macrocercus,eBird,Low,Least Concern,Schedule-IV,*,
230,Dicruridae (Drongos),Ashy Drongo,Dicrurus leucophaeus,eBird,Low,Least Concern,Schedule-IV,,
231,Dicruridae (Drongos),Bronzed Drongo,Dicrurus aeneus,eBird,Low,Least Concern,Schedule-IV,,
232,Dicruridae (Drongos),Lesser Racket-tailed Drongo,Dicrurus remifer,eBird,Low,Least Concern,Schedule-IV,*,
233,Dicruridae (Drongos),Hair-crested Drongo,Dicrurus hottentottus,eBird,Low,Least Concern,Schedule-IV,*,
234,Dicruridae (Drongos),Greater Racket-tailed Drongo,Dicrurus paradiseus,eBird,Moderate,Least Concern,Schedule-IV,*,
235,Monarchidae (Monarch Flycatchers),Black-naped Monarch,Hypothymis azurea,eBird,Moderate,Least Concern,Schedule-IV,*,
236,Monarchidae (Monarch Flycatchers),Blyth's Paradise-Flycatcher,Terpsiphone affinis,eBird,NA,Least Concern,Schedule-IV,*,
237,Laniidae (Shrikes),Brown Shrike,Lanius cristatus,eBird,Low,Least Concern,Schedule-IV,*,
238,Laniidae (Shrikes),Burmese Shrike,Lanius collurioides,eBird,NA,Least Concern,Schedule-IV,*,
239,Laniidae (Shrikes),Long-tailed Shrike,Lanius schach,eBird,Moderate,Least Concern,Schedule-IV,*,
240,Laniidae (Shrikes),Gray-backed Shrike,Lanius tephronotus,eBird,Low,Least Concern,Schedule-IV,,
241,"Corvidae (Crows, Jays, and Magpies)",Eurasian Jay,Garrulus glandarius,eBird,Low,Least Concern,Schedule-IV,,
242,"Corvidae (Crows, Jays, and Magpies)",Yellow-billed Blue-Magpie,Urocissa flavirostris,eBird,Low,Least Concern,Schedule-IV,,
243,"Corvidae (Crows, Jays, and Magpies)",Red-billed Blue-Magpie,Urocissa erythroryncha,eBird,Low,Least Concern,Schedule-IV,*,
244,"Corvidae (Crows, Jays, and Magpies)",Common Green-Magpie,Cissa chinensis,eBird,Low,Least Concern,Schedule-IV,,
245,"Corvidae (Crows, Jays, and Magpies)",Rufous Treepie,Dendrocitta vagabunda,eBird,Low,Least Concern,Schedule-IV,*,
246,"Corvidae (Crows, Jays, and Magpies)",Gray Treepie,Dendrocitta formosae,eBird,Low,Least Concern,Schedule-IV,,
247,"Corvidae (Crows, Jays, and Magpies)",Collared Treepie,Dendrocitta frontalis,eBird,Moderate,Least Concern,Schedule-IV,,
248,"Corvidae (Crows, Jays, and Magpies)",Eurasian Nutcracker,Nucifraga caryocatactes,eBird,NA,Least Concern,Schedule-IV,*,
249,"Corvidae (Crows, Jays, and Magpies)",House Crow,Corvus splendens,eBird,Low,Least Concern,Schedule-V,*,
250,"Corvidae (Crows, Jays, and Magpies)",Large-billed Crow,Corvus macrorhynchos,eBird,Low,Least Concern,Schedule-IV,,
251,Stenostiridae (Fairy Flycatchers),Yellow-bellied Fairy-Fantail,Chelidorhynx hypoxanthus,eBird,Low,Least Concern,Schedule-IV,,
252,Stenostiridae (Fairy Flycatchers),Gray-headed Canary-Flycatcher,Culicicapa ceylonensis,eBird,Moderate,Least Concern,Schedule-IV,,
253,"Paridae (Tits, Chickadees, and Titmice)",Yellow-browed Tit,Sylviparus modestus,eBird,Moderate,Least Concern,Schedule-IV,,
254,"Paridae (Tits, Chickadees, and Titmice)",Sultan Tit,Melanochlora sultanea,eBird,Low,Least Concern,Schedule-IV,,
255,"Paridae (Tits, Chickadees, and Titmice)",Coal Tit,Periparus ater,eBird,Low,Least Concern,Schedule-IV,*,
256,"Paridae (Tits, Chickadees, and Titmice)",Rufous-vented Tit,Periparus rubidiventris,eBird,Low,Least Concern,Schedule-IV,*,
257,"Paridae (Tits, Chickadees, and Titmice)",Gray-crested Tit,Lophophanes dichrous,eBird,Low,Least Concern,Schedule-IV,*,
258,"Paridae (Tits, Chickadees, and Titmice)",Green-backed Tit,Parus monticolus,eBird,Low,Least Concern,Schedule-IV,,
259,"Paridae (Tits, Chickadees, and Titmice)",Cinereous Tit,Parus cinereus,eBird,Low,Least Concern,Schedule-IV,*,
260,"Paridae (Tits, Chickadees, and Titmice)",Yellow-cheeked Tit,Machlolophus spilonotus,eBird,Low,Least Concern,Schedule-IV,,
261,Alaudidae (Larks),Bengal Bushlark,Mirafra assamica,eBird,Low,Least Concern,Schedule-IV,*,
262,Alaudidae (Larks),Oriental Skylark,Alauda gulgula,eBird,Moderate,Least Concern,Schedule-IV,*,
263,Cisticolidae (Cisticolas and Allies),Common Tailorbird,Orthotomus sutorius,eBird,Low,Least Concern,Schedule-IV,,
264,Cisticolidae (Cisticolas and Allies),Dark-necked Tailorbird,Orthotomus atrogularis,eBird,NA,Least Concern,Schedule-IV,*,
265,Cisticolidae (Cisticolas and Allies),Striated Prinia,Prinia crinigera,eBird,Low,Least Concern,Schedule-IV,,
266,Cisticolidae (Cisticolas and Allies),Black-throated Prinia,Prinia atrogularis,eBird,Moderate,Least Concern,Schedule-IV,,
267,Cisticolidae (Cisticolas and Allies),Rufescent Prinia,Prinia rufescens,eBird,NA,Least Concern,Schedule-IV,*,
268,Cisticolidae (Cisticolas and Allies),Gray-breasted Prinia,Prinia hodgsonii,eBird,Low,Least Concern,Schedule-IV,*,
269,Cisticolidae (Cisticolas and Allies),Graceful Prinia,Prinia gracilis,eBird,Low,Least Concern,Schedule-IV,*,
270,Cisticolidae (Cisticolas and Allies),Yellow-bellied Prinia,Prinia flaviventris,eBird,Low,Least Concern,Schedule-IV,*,
271,Cisticolidae (Cisticolas and Allies),Ashy Prinia,Prinia socialis,eBird,Low,Least Concern,Schedule-IV,*,
272,Cisticolidae (Cisticolas and Allies),Plain Prinia,Prinia inornata,eBird,Low,Least Concern,Schedule-IV,*,
273,Cisticolidae (Cisticolas and Allies),Zitting Cisticola,Cisticola juncidis,eBird,Low,Least Concern,Schedule-IV,*,
274,Cisticolidae (Cisticolas and Allies),Golden-headed Cisticola,Cisticola exilis,eBird,Moderate,Least Concern,Schedule-IV,*,
275,Acrocephalidae (Reed Warblers and Allies),Thick-billed Warbler,Arundinax aedon,eBird,Low,Least Concern,Schedule-IV,*,
276,Acrocephalidae (Reed Warblers and Allies),Paddyfield Warbler,Acrocephalus agricola,eBird,Low,Least Concern,Schedule-IV,*,
277,Acrocephalidae (Reed Warblers and Allies),Blunt-winged Warbler,Acrocephalus concinens,eBird,NA,Least Concern,Schedule-IV,*,
278,Acrocephalidae (Reed Warblers and Allies),Blyth's Reed Warbler,Acrocephalus dumetorum,eBird,Low,Least Concern,Schedule-IV,*,
279,Acrocephalidae (Reed Warblers and Allies),Clamorous Reed Warbler,Acrocephalus stentoreus,eBird,Low,Least Concern,Schedule-IV,*,
280,Locustellidae (Grassbirds and Allies),Striated Grassbird,Megalurus palustris,eBird,Low,Least Concern,Schedule-IV,*,
281,Locustellidae (Grassbirds and Allies),Pallas's Grasshopper-Warbler,Locustella certhiola,eBird,NA,Least Concern,Schedule-IV,*,
282,Locustellidae (Grassbirds and Allies),Baikal Bush Warbler,Locustella davidi,eBird,NA,Least Concern,Schedule-IV,*,
283,Locustellidae (Grassbirds and Allies),Spotted Bush Warbler,Locustella thoracica,eBird,Moderate,Least Concern,Schedule-IV,*,
284,Pnoepygidae (Cupwings),Scaly-breasted Cupwing,Pnoepyga albiventer,eBird,Low,Least Concern,Schedule-IV,,
285,Pnoepygidae (Cupwings),Pygmy Cupwing,Pnoepyga pusilla,eBird,Low,Least Concern,Schedule-IV,,
286,Hirundinidae (Swallows),Gray-throated Martin,Riparia chinensis,eBird,Low,Least Concern,Schedule-IV,*,
287,Hirundinidae (Swallows),Bank Swallow,Riparia riparia,eBird,NA,Least Concern,Schedule-IV,*,
288,Hirundinidae (Swallows),Barn Swallow,Hirundo rustica,eBird,Low,Least Concern,Schedule-IV,*,
289,Hirundinidae (Swallows),Red-rumped Swallow,Cecropis daurica,eBird,Low,Least Concern,Schedule-IV,*,
290,Hirundinidae (Swallows),Striated Swallow,Cecropis striolata,eBird,NA,Least Concern,Schedule-IV,*,
291,Hirundinidae (Swallows),Asian House-Martin,Delichon dasypus,eBird,NA,Least Concern,Schedule-IV,*,
292,Hirundinidae (Swallows),Nepal House-Martin,Delichon nipalense,eBird,Moderate,Least Concern,Schedule-IV,*,
293,Pycnonotidae (Bulbuls),Black-crested Bulbul,Rubigula flaviventris,eBird,Low,Least Concern,Schedule-IV,*,
294,Pycnonotidae (Bulbuls),Striated Bulbul,Pycnonotus striatus,eBird,Low,Least Concern,Schedule-IV,,
295,Pycnonotidae (Bulbuls),Red-vented Bulbul,Pycnonotus cafer,eBird,Low,Least Concern,Schedule-IV,*,
296,Pycnonotidae (Bulbuls),Red-whiskered Bulbul,Pycnonotus jocosus,eBird,Low,Least Concern,Schedule-IV,*,
297,Pycnonotidae (Bulbuls),White-throated Bulbul,Alophoixus flaveolus,eBird,Low,Least Concern,Schedule-IV,,
298,Pycnonotidae (Bulbuls),Black Bulbul,Hypsipetes leucocephalus,eBird,Low,Least Concern,Schedule-IV,,
299,Pycnonotidae (Bulbuls),Ashy Bulbul,Hemixos flavala,eBird,Low,Least Concern,Schedule-IV,,
300,Pycnonotidae (Bulbuls),Mountain Bulbul,Ixos mcclellandii,eBird,Low,Least Concern,Schedule-IV,,
301,Phylloscopidae (Leaf Warblers),Ashy-throated Warbler,Phylloscopus maculipennis,eBird,Low,Least Concern,Schedule-IV,,
302,Phylloscopidae (Leaf Warblers),Buff-barred Warbler,Phylloscopus pulcher,eBird,Low,Least Concern,Schedule-IV,,
303,Phylloscopidae (Leaf Warblers),Yellow-browed Warbler,Phylloscopus inornatus,eBird,Moderate,Least Concern,Schedule-IV,*,
304,Phylloscopidae (Leaf Warblers),Lemon-rumped Warbler,Phylloscopus chloronotus,eBird,Moderate,Least Concern,Schedule-IV,,
305,Phylloscopidae (Leaf Warblers),Tickell's Leaf Warbler,Phylloscopus affinis,eBird,Low,Least Concern,Schedule-IV,*,
306,Phylloscopidae (Leaf Warblers),Dusky Warbler,Phylloscopus fuscatus,eBird,Low,Least Concern,Schedule-IV,*,
307,Phylloscopidae (Leaf Warblers),Smoky Warbler,Phylloscopus fuligiventer,eBird,Moderate,Least Concern,Schedule-IV,*,
308,Phylloscopidae (Leaf Warblers),Common Chiffchaff,Phylloscopus collybita,eBird,Low,Least Concern,Schedule-IV,*,
309,Phylloscopidae (Leaf Warblers),White-spectacled Warbler,Phylloscopus intermedius,eBird,Low,Least Concern,Schedule-IV,,
310,Phylloscopidae (Leaf Warblers),Gray-cheeked Warbler,Phylloscopus poliogenys,eBird,Low,Least Concern,Schedule-IV,,
311,Phylloscopidae (Leaf Warblers),Green-crowned Warbler,Phylloscopus burkii,eBird,Moderate,Least Concern,Schedule-IV,*,
312,Phylloscopidae (Leaf Warblers),Gray-crowned Warbler,Phylloscopus tephrocephalus,eBird,NA,Least Concern,Schedule-IV,*,
313,Phylloscopidae (Leaf Warblers),Whistler's Warbler,Phylloscopus whistleri,eBird,Low,Least Concern,Schedule-IV,*,
314,Phylloscopidae (Leaf Warblers),Greenish Warbler,Phylloscopus trochiloides,eBird,Moderate,Least Concern,Schedule-IV,*,
315,Phylloscopidae (Leaf Warblers),Large-billed Leaf Warbler,Phylloscopus magnirostris,eBird,Moderate,Least Concern,Schedule-IV,*,
316,Phylloscopidae (Leaf Warblers),Chestnut-crowned Warbler,Phylloscopus castaniceps,eBird,Low,Least Concern,Schedule-IV,,
317,Phylloscopidae (Leaf Warblers),Yellow-vented Warbler,Phylloscopus cantator,eBird,Moderate,Least Concern,Schedule-IV,,
318,Phylloscopidae (Leaf Warblers),Blyth's Leaf Warbler,Phylloscopus reguloides,eBird,Low,Least Concern,Schedule-IV,,
319,Phylloscopidae (Leaf Warblers),Gray-hooded Warbler,Phylloscopus xanthoschistos,eBird,Low,Least Concern,Schedule-IV,,
320,Scotocercidae (Bush Warblers and Allies),Gray-bellied Tesia,Tesia cyaniventer,eBird,Low,Least Concern,Schedule-IV,*,
321,Scotocercidae (Bush Warblers and Allies),Slaty-bellied Tesia,Tesia olivea,eBird,Low,Least Concern,Schedule-IV,*,
322,Scotocercidae (Bush Warblers and Allies),Chestnut-crowned Bush Warbler,Cettia major,eBird,NA,Least Concern,Schedule-IV,*,
323,Scotocercidae (Bush Warblers and Allies),Gray-sided Bush Warbler,Cettia brunnifrons,eBird,Low,Least Concern,Schedule-IV,,
324,Scotocercidae (Bush Warblers and Allies),Chestnut-headed Tesia,Cettia castaneocoronata,eBird,Low,Least Concern,Schedule-IV,,
325,Scotocercidae (Bush Warblers and Allies),Yellow-bellied Warbler,Abroscopus superciliaris,eBird,Low,Least Concern,Schedule-IV,,
326,Scotocercidae (Bush Warblers and Allies),Rufous-faced Warbler,Abroscopus albogularis,eBird,NA,Least Concern,Schedule-IV,*,
327,Scotocercidae (Bush Warblers and Allies),Black-faced Warbler,Abroscopus schisticeps,eBird,Low,Least Concern,Schedule-IV,,
328,Scotocercidae (Bush Warblers and Allies),Mountain Tailorbird,Phyllergates cucullatus,eBird,Low,Least Concern,Schedule-IV,,
329,Scotocercidae (Bush Warblers and Allies),Broad-billed Warbler,Tickellia hodgsoni,eBird,Moderate,Least Concern,Schedule-IV,,
330,Scotocercidae (Bush Warblers and Allies),Brownish-flanked Bush Warbler,Horornis fortipes,eBird,Low,Least Concern,Schedule-IV,,
331,Scotocercidae (Bush Warblers and Allies),Hume's Bush Warbler,Horornis brunnescens,eBird,Moderate,Least Concern,Schedule-IV,,
332,Scotocercidae (Bush Warblers and Allies),Aberrant Bush Warbler,Horornis flavolivaceus,eBird,Low,Least Concern,Schedule-IV,*,
333,Aegithalidae (Long-tailed Tits),Black-throated Tit,Aegithalos concinnus,eBird,Low,Least Concern,Schedule-IV,,
334,Aegithalidae (Long-tailed Tits),Black-browed Tit,Aegithalos iouschistos,eBird,Moderate,Least Concern,Schedule-IV,*,
335,"Sylviidae (Sylviid Warblers, Parrotbills, and Allies)",Fire-tailed Myzornis,Myzornis pyrrhoura,eBird,Moderate,Least Concern,Schedule-IV,*,
336,"Sylviidae (Sylviid Warblers, Parrotbills, and Allies)",Golden-breasted Fulvetta,Lioparus chrysotis,eBird,NA,Least Concern,Schedule-IV,,
337,"Sylviidae (Sylviid Warblers, Parrotbills, and Allies)",Jerdon's Babbler,Chrysomma altirostre,eBird,High,Vulnerable,Schedule-IV,*,
338,"Sylviidae (Sylviid Warblers, Parrotbills, and Allies)",Ludlow's Fulvetta,Fulvetta ludlowi,eBird,Moderate,Least Concern,Schedule-IV,*,
339,"Sylviidae (Sylviid Warblers, Parrotbills, and Allies)",Streak-throated Fulvetta,Fulvetta manipurensis,eBird,NA,Least Concern,Schedule-IV,*,
340,"Sylviidae (Sylviid Warblers, Parrotbills, and Allies)",Brown Parrotbill,Cholornis unicolor,eBird,NA,Least Concern,Schedule-IV,*,
341,"Sylviidae (Sylviid Warblers, Parrotbills, and Allies)",Gray-headed Parrotbill,Psittiparus gularis,eBird,NA,Least Concern,Schedule-IV,*,
342,"Sylviidae (Sylviid Warblers, Parrotbills, and Allies)",Rufous-headed Parrotbill,Psittiparus bakeri,eBird,NA,Least Concern,Schedule-IV,*,
343,"Sylviidae (Sylviid Warblers, Parrotbills, and Allies)",Black-breasted Parrotbill,Paradoxornis flavirostris,eBird,High,Vulnerable,Schedule-IV,*,
344,"Sylviidae (Sylviid Warblers, Parrotbills, and Allies)",Spot-breasted Parrotbill,Paradoxornis guttaticollis,eBird,NA,Least Concern,Schedule-IV,,
345,"Sylviidae (Sylviid Warblers, Parrotbills, and Allies)",Pale-billed Parrotbill,Chleuasicus atrosuperciliaris,eBird,Moderate,Least Concern,Schedule-IV,*,
346,"Sylviidae (Sylviid Warblers, Parrotbills, and Allies)",Fulvous Parrotbill,Suthora fulvifrons,eBird,NA,Least Concern,Schedule-IV,*,
347,"Sylviidae (Sylviid Warblers, Parrotbills, and Allies)",Black-throated Parrotbill,Suthora nipalensis,eBird,Moderate,Least Concern,Schedule-IV,,
348,"Zosteropidae (White-eyes, Yuhinas, and Allies)",Striated Yuhina,Yuhina castaniceps,eBird,Moderate,Least Concern,Schedule-IV,,
349,"Zosteropidae (White-eyes, Yuhinas, and Allies)",White-naped Yuhina,Yuhina bakeri,eBird,Moderate,Least Concern,Schedule-IV,,
350,"Zosteropidae (White-eyes, Yuhinas, and Allies)",Whiskered Yuhina,Yuhina flavicollis,eBird,Low,Least Concern,Schedule-IV,,
351,"Zosteropidae (White-eyes, Yuhinas, and Allies)",Stripe-throated Yuhina,Yuhina gularis,eBird,Low,Least Concern,Schedule-IV,*,
352,"Zosteropidae (White-eyes, Yuhinas, and Allies)",Rufous-vented Yuhina,Yuhina occipitalis,eBird,Moderate,Least Concern,Schedule-IV,*,
353,"Zosteropidae (White-eyes, Yuhinas, and Allies)",Black-chinned Yuhina,Yuhina nigrimenta,eBird,Low,Least Concern,Schedule-IV,,
354,"Zosteropidae (White-eyes, Yuhinas, and Allies)",Chestnut-flanked White-eye,Zosterops erythropleurus,eBird,NA,Least Concern,Schedule-IV,*,
355,"Zosteropidae (White-eyes, Yuhinas, and Allies)",Indian White-eye,Zosterops palpebrosus,eBird,Low,Least Concern,Schedule-IV,,
356,"Timaliidae (Tree-Babblers, Scimitar-Babblers, and Allies)",Chestnut-capped Babbler,Timalia pileata,eBird,Low,Least Concern,Schedule-IV,*,
357,"Timaliidae (Tree-Babblers, Scimitar-Babblers, and Allies)",Pin-striped Tit-Babbler,Mixornis gularis,eBird,Low,Least Concern,Schedule-IV,,
358,"Timaliidae (Tree-Babblers, Scimitar-Babblers, and Allies)",Golden Babbler,Cyanoderma chrysaeum,eBird,Low,Least Concern,Schedule-IV,,
359,"Timaliidae (Tree-Babblers, Scimitar-Babblers, and Allies)",Rufous-capped Babbler,Cyanoderma ruficeps,eBird,Low,Least Concern,Schedule-IV,,
360,"Timaliidae (Tree-Babblers, Scimitar-Babblers, and Allies)",Buff-chested Babbler,Cyanoderma ambiguum,eBird,Moderate,Least Concern,Schedule-IV,*,
361,"Timaliidae (Tree-Babblers, Scimitar-Babblers, and Allies)",Rusty-throated Wren-Babbler,Spelaeornis badeigularis,eBird,High,Vulnerable,Schedule-IV,,
362,"Timaliidae (Tree-Babblers, Scimitar-Babblers, and Allies)",Bar-winged Wren-Babbler,Spelaeornis troglodytoides,eBird,High,Least Concern,Schedule-IV,*,
363,"Timaliidae (Tree-Babblers, Scimitar-Babblers, and Allies)",Red-billed Scimitar-Babbler,Pomatorhinus ochraceiceps,eBird,NA,Least Concern,Schedule-IV,*,
364,"Timaliidae (Tree-Babblers, Scimitar-Babblers, and Allies)",Coral-billed Scimitar-Babbler,Pomatorhinus ferruginosus,eBird,NA,Least Concern,Schedule-IV,,
365,"Timaliidae (Tree-Babblers, Scimitar-Babblers, and Allies)",Slender-billed Scimitar-Babbler,Pomatorhinus superciliaris,eBird,Moderate,Least Concern,Schedule-IV,,
366,"Timaliidae (Tree-Babblers, Scimitar-Babblers, and Allies)",Streak-breasted Scimitar-Babbler,Pomatorhinus ruficollis,eBird,Low,Least Concern,Schedule-IV,,
367,"Timaliidae (Tree-Babblers, Scimitar-Babblers, and Allies)",White-browed Scimitar-Babbler,Pomatorhinus schisticeps,eBird,Low,Least Concern,Schedule-IV,*,
368,"Timaliidae (Tree-Babblers, Scimitar-Babblers, and Allies)",Spot-breasted Scimitar-Babbler,Megapomatorhinus mcclellandi,eBird,Moderate,Least Concern,Schedule-IV,*,
369,"Timaliidae (Tree-Babblers, Scimitar-Babblers, and Allies)",Gray-throated Babbler,Stachyris nigriceps,eBird,NA,Least Concern,Schedule-IV,,
370,"Timaliidae (Tree-Babblers, Scimitar-Babblers, and Allies)",Chevron-breasted Babbler,Stachyris roberti,eBird,Moderate,Near Threatened,Schedule-IV,*,
371,Pellorneidae (Ground Babblers and Allies),White-hooded Babbler,Gampsorhynchus rufulus,eBird,Moderate,Least Concern,Schedule-IV,*,
372,Pellorneidae (Ground Babblers and Allies),Yellow-throated Fulvetta,Schoeniparus cinereus,eBird,Moderate,Least Concern,Schedule-IV,*,
373,Pellorneidae (Ground Babblers and Allies),Rufous-winged Fulvetta,Schoeniparus castaneceps,eBird,NA,Least Concern,Schedule-IV,,
374,Pellorneidae (Ground Babblers and Allies),Rufous-throated Fulvetta,Schoeniparus rufogularis,eBird,Moderate,Least Concern,Schedule-IV,*,
375,Pellorneidae (Ground Babblers and Allies),Rusty-capped Fulvetta,Schoeniparus dubius,eBird,NA,Least Concern,Schedule-IV,,!
376,Pellorneidae (Ground Babblers and Allies),Swamp Grass Babbler,Laticilla cinerascens,eBird,High,Endangered,Schedule-IV,*,
377,Pellorneidae (Ground Babblers and Allies),Puff-throated Babbler,Pellorneum ruficeps,eBird,Moderate,Least Concern,Schedule-IV,*,
378,Pellorneidae (Ground Babblers and Allies),Marsh Babbler,Pellorneum palustre,eBird,High,Vulnerable,Schedule-IV,*,
379,Pellorneidae (Ground Babblers and Allies),Spot-throated Babbler,Pellorneum albiventre,eBird,NA,Least Concern,Schedule-IV,*,
380,Pellorneidae (Ground Babblers and Allies),Buff-breasted Babbler,Pellorneum tickelli,eBird,NA,Least Concern,Schedule-IV,*,
381,Pellorneidae (Ground Babblers and Allies),Eyebrowed Wren-Babbler,Napothera epilepidota,eBird,NA,Least Concern,Schedule-IV,*,
382,Pellorneidae (Ground Babblers and Allies),Long-billed Wren-Babbler,Napothera malacoptila,eBird,Moderate,Least Concern,Schedule-IV,*,
383,Leiothrichidae (Laughingthrushes and Allies),Brown-cheeked Fulvetta,Alcippe poioicephala,eBird,Moderate,Least Concern,Schedule-IV,*,
384,Leiothrichidae (Laughingthrushes and Allies),Nepal Fulvetta,Alcippe nipalensis,eBird,Low,Least Concern,Schedule-IV,,
385,Leiothrichidae (Laughingthrushes and Allies),Striated Laughingthrush,Grammatoptila striata,eBird,Low,Least Concern,Schedule-IV,,
386,Leiothrichidae (Laughingthrushes and Allies),Himalayan Cutia,Cutia nipalensis,eBird,Moderate,Least Concern,Schedule-IV,,
387,Leiothrichidae (Laughingthrushes and Allies),Striated Babbler,Turdoides earlei,eBird,Low,Least Concern,Schedule-IV,*,
388,Leiothrichidae (Laughingthrushes and Allies),White-crested Laughingthrush,Garrulax leucolophus,eBird,Low,Least Concern,Schedule-IV,,
389,Leiothrichidae (Laughingthrushes and Allies),Lesser Necklaced Laughingthrush,Garrulax monileger,eBird,Low,Least Concern,Schedule-IV,*,
390,Leiothrichidae (Laughingthrushes and Allies),Rufous-chinned Laughingthrush,Ianthocincla rufogularis,eBird,Low,Least Concern,Schedule-IV,*,
391,Leiothrichidae (Laughingthrushes and Allies),Spotted Laughingthrush,Ianthocincla ocellata,eBird,NA,Least Concern,Schedule-IV,*,
392,Leiothrichidae (Laughingthrushes and Allies),Greater Necklaced Laughingthrush,Ianthocincla pectoralis,eBird,Low,Least Concern,Schedule-IV,*,
393,Leiothrichidae (Laughingthrushes and Allies),Rufous-necked Laughingthrush,Ianthocincla ruficollis,eBird,Low,Least Concern,Schedule-IV,*,
394,Leiothrichidae (Laughingthrushes and Allies),Gray-sided Laughingthrush,Ianthocincla caerulata,eBird,High,Least Concern,Schedule-IV,,
395,Leiothrichidae (Laughingthrushes and Allies),Scaly Laughingthrush,Trochalopteron subunicolor,eBird,Moderate,Least Concern,Schedule-IV,,
396,Leiothrichidae (Laughingthrushes and Allies),Blue-winged Laughingthrush,Trochalopteron squamatum,eBird,Moderate,Least Concern,Schedule-IV,,
397,Leiothrichidae (Laughingthrushes and Allies),Elliot's Laughingthrush,Trochalopteron elliotii,eBird,NA,Least Concern,Schedule-IV,,!
398,Leiothrichidae (Laughingthrushes and Allies),Black-faced Laughingthrush,Trochalopteron affine,eBird,NA,Least Concern,Schedule-IV,,
399,Leiothrichidae (Laughingthrushes and Allies),Chestnut-crowned Laughingthrush,Trochalopteron erythrocephalum,eBird,Low,Least Concern,Schedule-IV,,
400,Leiothrichidae (Laughingthrushes and Allies),Gray Sibia,Heterophasia gracilis,eBird,Moderate,Least Concern,Schedule-IV,*,
401,Leiothrichidae (Laughingthrushes and Allies),Beautiful Sibia,Heterophasia pulchella,eBird,Moderate,Least Concern,Schedule-IV,,
402,Leiothrichidae (Laughingthrushes and Allies),Long-tailed Sibia,Heterophasia picaoides,eBird,NA,Least Concern,Schedule-IV,*,
403,Leiothrichidae (Laughingthrushes and Allies),Silver-eared Mesia,Leiothrix argentauris,eBird,Low,Least Concern,Schedule-IV,*,
404,Leiothrichidae (Laughingthrushes and Allies),Red-billed Leiothrix,Leiothrix lutea,eBird,Low,Least Concern,Schedule-IV,,
405,Leiothrichidae (Laughingthrushes and Allies),Red-tailed Minla,Minla ignotincta,eBird,Moderate,Least Concern,Schedule-IV,,
406,Leiothrichidae (Laughingthrushes and Allies),Rufous-backed Sibia,Minla annectens,eBird,Moderate,Least Concern,Schedule-IV,,
407,Leiothrichidae (Laughingthrushes and Allies),Red-faced Liocichla,Liocichla phoenicea,eBird,Low,Least Concern,Schedule-IV,*,
408,Leiothrichidae (Laughingthrushes and Allies),Streak-throated Barwing,Actinodura waldeni,eBird,Moderate,Least Concern,Schedule-IV,,
409,Leiothrichidae (Laughingthrushes and Allies),Rusty-fronted Barwing,Actinodura egertoni,eBird,Low,Least Concern,Schedule-IV,,
410,Leiothrichidae (Laughingthrushes and Allies),Blue-winged Minla,Actinodura cyanouroptera,eBird,Low,Least Concern,Schedule-IV,,
411,Leiothrichidae (Laughingthrushes and Allies),Chestnut-tailed Minla,Actinodura strigula,eBird,Low,Least Concern,Schedule-IV,,
412,Regulidae (Kinglets),Goldcrest,Regulus regulus,eBird,NA,Least Concern,Schedule-IV,,!
413,Tichodromidae (Wallcreeper),Wallcreeper,Tichodroma muraria,eBird,Low,Least Concern,Schedule-IV,*,
414,Sittidae (Nuthatches),Chestnut-bellied Nuthatch,Sitta cinnamoventris,eBird,Low,Least Concern,Schedule-IV,*,
415,Sittidae (Nuthatches),White-tailed Nuthatch,Sitta himalayensis,eBird,Low,Least Concern,Schedule-IV,*,
416,Sittidae (Nuthatches),Velvet-fronted Nuthatch,Sitta frontalis,eBird,Moderate,Least Concern,Schedule-IV,*,
417,Sittidae (Nuthatches),Beautiful Nuthatch,Sitta formosa,eBird,High,Vulnerable,Schedule-IV,*,
418,Certhiidae (Treecreepers),Hodgson's Treecreeper,Certhia hodgsoni,eBird,Moderate,Least Concern,Schedule-IV,*,
419,Certhiidae (Treecreepers),Rusty-flanked Treecreeper,Certhia nipalensis,eBird,Moderate,Least Concern,Schedule-IV,,
420,Certhiidae (Treecreepers),Sikkim Treecreeper,Certhia discolor,eBird,Moderate,Least Concern,Schedule-IV,,
421,Troglodytidae (Wrens),Eurasian Wren,Troglodytes troglodytes,eBird,Low,Least Concern,Schedule-IV,,
422,Elachuridae (Spotted Elachura),Spotted Elachura,Elachura formosa,eBird,NA,Least Concern,Schedule-IV,,
423,Cinclidae (Dippers),Brown Dipper,Cinclus pallasii,eBird,Low,Least Concern,Schedule-IV,,
424,Sturnidae (Starlings),Common Hill Myna,Gracula religiosa,eBird,Low,Least Concern,Schedule-I,*,
425,Sturnidae (Starlings),European Starling,Sturnus vulgaris,eBird,Moderate,Least Concern,Schedule-IV,,!
426,Sturnidae (Starlings),Asian Pied Starling,Gracupica contra,eBird,Low,Least Concern,Schedule-IV,*,
427,Sturnidae (Starlings),Chestnut-tailed Starling,Sturnia malabarica,eBird,Low,Least Concern,Schedule-IV,*,
428,Sturnidae (Starlings),Common Myna,Acridotheres tristis,eBird,Low,Least Concern,Schedule-IV,,
429,Sturnidae (Starlings),Jungle Myna,Acridotheres fuscus,eBird,Moderate,Least Concern,Schedule-IV,*,
430,Sturnidae (Starlings),Great Myna,Acridotheres grandis,eBird,Low,Least Concern,Schedule-IV,*,
431,Sturnidae (Starlings),Spot-winged Starling,Saroglossa spilopterus,eBird,Moderate,Least Concern,Schedule-IV,*,
432,Turdidae (Thrushes and Allies),Long-tailed Thrush,Zoothera dixoni,eBird,Moderate,Least Concern,Schedule-IV,*,
433,Turdidae (Thrushes and Allies),Dark-sided Thrush,Zoothera marginata,eBird,Moderate,Least Concern,Schedule-IV,*,
434,Turdidae (Thrushes and Allies),Long-billed Thrush,Zoothera monticola,eBird,Low,Least Concern,Schedule-IV,,
435,Turdidae (Thrushes and Allies),Scaly Thrush,Zoothera dauma,eBird,Low,Least Concern,Schedule-IV,*,
436,Turdidae (Thrushes and Allies),Purple Cochoa,Cochoa purpurea,eBird,Moderate,Least Concern,Schedule-IV,*,
437,Turdidae (Thrushes and Allies),Green Cochoa,Cochoa viridis,eBird,NA,Least Concern,Schedule-IV,*,
438,Turdidae (Thrushes and Allies),Orange-headed Thrush,Geokichla citrina,eBird,Moderate,Least Concern,Schedule-IV,*,
439,Turdidae (Thrushes and Allies),Gray-winged Blackbird,Turdus boulboul,eBird,Low,Least Concern,Schedule-IV,*,
440,Turdidae (Thrushes and Allies),Black-breasted Thrush,Turdus dissimilis,eBird,NA,Least Concern,Schedule-IV,*,
441,Turdidae (Thrushes and Allies),Gray-sided Thrush,Turdus feae,eBird,NA,Vulnerable,Schedule-IV,*,
442,Turdidae (Thrushes and Allies),Eyebrowed Thrush,Turdus obscurus,eBird,NA,Least Concern,Schedule-IV,*,
443,Turdidae (Thrushes and Allies),White-collared Blackbird,Turdus albocinctus,eBird,Low,Least Concern,Schedule-IV,*,
444,Turdidae (Thrushes and Allies),Chestnut Thrush,Turdus rubrocanus,eBird,NA,Least Concern,Schedule-IV,*,
445,Turdidae (Thrushes and Allies),Black-throated Thrush,Turdus atrogularis,eBird,NA,Least Concern,Schedule-IV,*,
446,Turdidae (Thrushes and Allies),Red-throated Thrush,Turdus ruficollis,eBird,NA,Least Concern,Schedule-IV,*,
447,Turdidae (Thrushes and Allies),Dusky Thrush,Turdus eunomus,eBird,NA,Least Concern,Schedule-IV,*,
448,Turdidae (Thrushes and Allies),Naumann's Thrush,Turdus naumanni,eBird,NA,Least Concern,Schedule-IV,*,
449,Muscicapidae (Old World Flycatchers),Dark-sided Flycatcher,Muscicapa sibirica,eBird,Low,Least Concern,Schedule-IV,*,
450,Muscicapidae (Old World Flycatchers),Ferruginous Flycatcher,Muscicapa ferruginea,eBird,NA,Least Concern,Schedule-IV,*,
451,Muscicapidae (Old World Flycatchers),Oriental Magpie-Robin,Copsychus saularis,eBird,Low,Least Concern,Schedule-IV,*,
452,Muscicapidae (Old World Flycatchers),White-rumped Shama,Copsychus malabaricus,eBird,Low,Least Concern,Schedule-IV,*,
453,Muscicapidae (Old World Flycatchers),White-gorgeted Flycatcher,Anthipes monileger,eBird,Moderate,Least Concern,Schedule-IV,,
454,Muscicapidae (Old World Flycatchers),Pale-chinned Blue Flycatcher,Cyornis poliogenys,eBird,Low,Least Concern,Schedule-IV,*,
455,Muscicapidae (Old World Flycatchers),Pale Blue Flycatcher,Cyornis unicolor,eBird,NA,Least Concern,Schedule-IV,,
456,Muscicapidae (Old World Flycatchers),Blue-throated Flycatcher,Cyornis rubeculoides,eBird,Low,Least Concern,Schedule-IV,*,
457,Muscicapidae (Old World Flycatchers),Large Blue Flycatcher,Cyornis magnirostris,eBird,High,Least Concern,Schedule-IV,*,
458,Muscicapidae (Old World Flycatchers),Hill Blue Flycatcher,Cyornis banyumas,eBird,NA,Least Concern,Schedule-IV,*,
459,Muscicapidae (Old World Flycatchers),Large Niltava,Niltava grandis,eBird,Low,Least Concern,Schedule-IV,,
460,Muscicapidae (Old World Flycatchers),Small Niltava,Niltava macgrigoriae,eBird,Low,Least Concern,Schedule-IV,,
461,Muscicapidae (Old World Flycatchers),Rufous-bellied Niltava,Niltava sundara,eBird,Moderate,Least Concern,Schedule-IV,*,
462,Muscicapidae (Old World Flycatchers),Vivid Niltava,Niltava vivida,eBird,NA,Least Concern,Schedule-IV,*,
463,Muscicapidae (Old World Flycatchers),Verditer Flycatcher,Eumyias thalassinus,eBird,Low,Least Concern,Schedule-IV,,
464,Muscicapidae (Old World Flycatchers),Rusty-bellied Shortwing,Brachypteryx hyperythra,eBird,Moderate,Near Threatened,Schedule-IV,*,
465,Muscicapidae (Old World Flycatchers),Gould's Shortwing,Brachypteryx stellata,eBird,Moderate,Least Concern,Schedule-IV,*,
466,Muscicapidae (Old World Flycatchers),Lesser Shortwing,Brachypteryx leucophris,eBird,Low,Least Concern,Schedule-IV,,
467,Muscicapidae (Old World Flycatchers),Himalayan Shortwing,Brachypteryx cruralis,eBird,NA,NA,NA,,
468,Muscicapidae (Old World Flycatchers),Indian Blue Robin,Larvivora brunnea,eBird,Low,Least Concern,Schedule-IV,*,
469,Muscicapidae (Old World Flycatchers),Bluethroat,Luscinia svecica,eBird,Low,Least Concern,Schedule-IV,*,
470,Muscicapidae (Old World Flycatchers),Blue Whistling-Thrush,Myophonus caeruleus,eBird,Low,Least Concern,Schedule-IV,,
471,Muscicapidae (Old World Flycatchers),Little Forktail,Enicurus scouleri,eBird,Low,Least Concern,Schedule-IV,,
472,Muscicapidae (Old World Flycatchers),White-crowned Forktail,Enicurus leschenaulti,eBird,NA,Least Concern,Schedule-IV,*,
473,Muscicapidae (Old World Flycatchers),Spotted Forktail,Enicurus maculatus,eBird,Low,Least Concern,Schedule-IV,,
474,Muscicapidae (Old World Flycatchers),Black-backed Forktail,Enicurus immaculatus,eBird,Low,Least Concern,Schedule-IV,*,
475,Muscicapidae (Old World Flycatchers),Slaty-backed Forktail,Enicurus schistaceus,eBird,Low,Least Concern,Schedule-IV,,
476,Muscicapidae (Old World Flycatchers),Siberian Rubythroat,Calliope calliope,eBird,Moderate,Least Concern,Schedule-IV,*,
477,Muscicapidae (Old World Flycatchers),Chinese Rubythroat,Calliope tschebaiewi,eBird,High,Least Concern,Schedule-IV,*,
478,Muscicapidae (Old World Flycatchers),White-tailed Robin,Myiomela leucura,eBird,Moderate,Least Concern,Schedule-IV,*,
479,Muscicapidae (Old World Flycatchers),Blue-fronted Robin,Cinclidium frontale,eBird,Moderate,Least Concern,Schedule-IV,*,
480,Muscicapidae (Old World Flycatchers),Himalayan Bluetail,Tarsiger rufilatus,eBird,Low,Least Concern,Schedule-IV,*,
481,Muscicapidae (Old World Flycatchers),Rufous-breasted Bush-Robin,Tarsiger hyperythrus,eBird,Moderate,Least Concern,Schedule-IV,,
482,Muscicapidae (Old World Flycatchers),White-browed Bush-Robin,Tarsiger indicus,eBird,NA,Least Concern,Schedule-IV,,
483,Muscicapidae (Old World Flycatchers),Golden Bush-Robin,Tarsiger chrysaeus,eBird,Low,Least Concern,Schedule-IV,,
484,Muscicapidae (Old World Flycatchers),Slaty-backed Flycatcher,Ficedula erithacus,eBird,NA,Least Concern,Schedule-IV,*,
485,Muscicapidae (Old World Flycatchers),Slaty-blue Flycatcher,Ficedula tricolor,eBird,Low,Least Concern,Schedule-IV,,
486,Muscicapidae (Old World Flycatchers),Snowy-browed Flycatcher,Ficedula hyperythra,eBird,Low,Least Concern,Schedule-IV,*,
487,Muscicapidae (Old World Flycatchers),Pygmy Flycatcher,Ficedula hodgsoni,eBird,Moderate,Least Concern,Schedule-IV,*,
488,Muscicapidae (Old World Flycatchers),Rufous-gorgeted Flycatcher,Ficedula strophiata,eBird,Low,Least Concern,Schedule-IV,,
489,Muscicapidae (Old World Flycatchers),Sapphire Flycatcher,Ficedula sapphira,eBird,Moderate,Least Concern,Schedule-IV,*,
490,Muscicapidae (Old World Flycatchers),Little Pied Flycatcher,Ficedula westermanni,eBird,Low,Least Concern,Schedule-IV,*,
491,Muscicapidae (Old World Flycatchers),Ultramarine Flycatcher,Ficedula superciliaris,eBird,Low,Least Concern,Schedule-IV,*,
492,Muscicapidae (Old World Flycatchers),Taiga Flycatcher,Ficedula albicilla,eBird,NA,Least Concern,Schedule-IV,*,
493,Muscicapidae (Old World Flycatchers),Blue-fronted Redstart,Phoenicurus frontalis,eBird,Low,Least Concern,Schedule-IV,,
494,Muscicapidae (Old World Flycatchers),Plumbeous Redstart,Phoenicurus fuliginosus,eBird,Moderate,Least Concern,Schedule-IV,,
495,Muscicapidae (Old World Flycatchers),White-capped Redstart,Phoenicurus leucocephalus,eBird,Low,Least Concern,Schedule-IV,,
496,Muscicapidae (Old World Flycatchers),Hodgson's Redstart,Phoenicurus hodgsoni,eBird,NA,Least Concern,Schedule-IV,,
497,Muscicapidae (Old World Flycatchers),White-throated Redstart,Phoenicurus schisticeps,eBird,NA,Least Concern,Schedule-IV,*,
498,Muscicapidae (Old World Flycatchers),Black Redstart,Phoenicurus ochruros,eBird,Moderate,Least Concern,Schedule-IV,,
499,Muscicapidae (Old World Flycatchers),Daurian Redstart,Phoenicurus auroreus,eBird,NA,Least Concern,Schedule-IV,,
500,Muscicapidae (Old World Flycatchers),Chestnut-bellied Rock-Thrush,Monticola rufiventris,eBird,Low,Least Concern,Schedule-IV,,
501,Muscicapidae (Old World Flycatchers),Blue Rock-Thrush,Monticola solitarius,eBird,Moderate,Least Concern,Schedule-IV,,
502,Muscicapidae (Old World Flycatchers),Siberian Stonechat,Saxicola maurus,eBird,Low,Least Concern,Schedule-IV,,
503,Muscicapidae (Old World Flycatchers),Pied Bushchat,Saxicola caprata,eBird,Low,Least Concern,Schedule-IV,*,
504,Muscicapidae (Old World Flycatchers),Gray Bushchat,Saxicola ferreus,eBird,Low,Least Concern,Schedule-IV,,
505,Muscicapidae (Old World Flycatchers),Isabelline Wheatear,Oenanthe isabellina,eBird,Low,Least Concern,Schedule-IV,*,
506,Dicaeidae (Flowerpeckers),Yellow-bellied Flowerpecker,Dicaeum melanozanthum,eBird,NA,Least Concern,Schedule-IV,*,
507,Dicaeidae (Flowerpeckers),Plain Flowerpecker,Dicaeum minullum,eBird,Low,Least Concern,Schedule-IV,*,
508,Dicaeidae (Flowerpeckers),Fire-breasted Flowerpecker,Dicaeum ignipectus,eBird,Low,Least Concern,Schedule-IV,,
509,Dicaeidae (Flowerpeckers),Scarlet-backed Flowerpecker,Dicaeum cruentatum,eBird,Moderate,Least Concern,Schedule-IV,*,
510,Nectariniidae (Sunbirds and Spiderhunters),Ruby-cheeked Sunbird,Chalcoparia singalensis,eBird,Low,Least Concern,Schedule-IV,*,
511,Nectariniidae (Sunbirds and Spiderhunters),Purple Sunbird,Cinnyris asiaticus,eBird,Low,Least Concern,Schedule-IV,*,
512,Nectariniidae (Sunbirds and Spiderhunters),Fire-tailed Sunbird,Aethopyga ignicauda,eBird,Low,Least Concern,Schedule-IV,*,
513,Nectariniidae (Sunbirds and Spiderhunters),Black-throated Sunbird,Aethopyga saturata,eBird,Low,Least Concern,Schedule-IV,,
514,Nectariniidae (Sunbirds and Spiderhunters),Mrs. Gould's Sunbird,Aethopyga gouldiae,eBird,Low,Least Concern,Schedule-IV,*,
515,Nectariniidae (Sunbirds and Spiderhunters),Green-tailed Sunbird,Aethopyga nipalensis,eBird,Low,Least Concern,Schedule-IV,,
516,Nectariniidae (Sunbirds and Spiderhunters),Crimson Sunbird,Aethopyga siparaja,eBird,Low,Least Concern,Schedule-IV,*,
517,Nectariniidae (Sunbirds and Spiderhunters),Little Spiderhunter,Arachnothera longirostra,eBird,Moderate,Least Concern,Schedule-IV,,
518,Nectariniidae (Sunbirds and Spiderhunters),Streaked Spiderhunter,Arachnothera magna,eBird,Low,Least Concern,Schedule-IV,,
519,Chloropseidae (Leafbirds),Blue-winged Leafbird,Chloropsis cochinchinensis,eBird,NA,Least Concern,Schedule-IV,*,
520,Chloropseidae (Leafbirds),Golden-fronted Leafbird,Chloropsis aurifrons,eBird,Low,Least Concern,Schedule-IV,*,
521,Chloropseidae (Leafbirds),Orange-bellied Leafbird,Chloropsis hardwickii,eBird,Low,Least Concern,Schedule-IV,,
522,Ploceidae (Weavers and Allies),Streaked Weaver,Ploceus manyar,eBird,Moderate,Least Concern,Schedule-IV,*,
523,Ploceidae (Weavers and Allies),Baya Weaver,Ploceus philippinus,eBird,Low,Least Concern,Schedule-IV,*,
524,Estrildidae (Waxbills and Allies),Red Avadavat,Amandava amandava,eBird,Low,Least Concern,Schedule-IV,*,
525,Estrildidae (Waxbills and Allies),White-rumped Munia,Lonchura striata,eBird,Moderate,Least Concern,Schedule-IV,,
526,Estrildidae (Waxbills and Allies),Scaly-breasted Munia,Lonchura punctulata,eBird,Low,Least Concern,Schedule-IV,,
527,Estrildidae (Waxbills and Allies),Chestnut Munia,Lonchura atricapilla,eBird,NA,Least Concern,Schedule-IV,,
528,Prunellidae (Accentors),Alpine Accentor,Prunella collaris,eBird,Low,Least Concern,Schedule-IV,*,
529,Prunellidae (Accentors),Rufous-breasted Accentor,Prunella strophiata,eBird,Low,Least Concern,Schedule-IV,,
530,Prunellidae (Accentors),Maroon-backed Accentor,Prunella immaculata,eBird,Moderate,Least Concern,Schedule-IV,,
531,Passeridae (Old World Sparrows),House Sparrow,Passer domesticus,eBird,Low,Least Concern,Schedule-IV,*,
532,Passeridae (Old World Sparrows),Russet Sparrow,Passer cinnamomeus,eBird,Low,Least Concern,Schedule-IV,,!
533,Passeridae (Old World Sparrows),Eurasian Tree Sparrow,Passer montanus,eBird,Low,Least Concern,Schedule-IV,,
534,Motacillidae (Wagtails and Pipits),Gray Wagtail,Motacilla cinerea,eBird,Low,Least Concern,Schedule-IV,,
535,Motacillidae (Wagtails and Pipits),Western Yellow Wagtail,Motacilla flava,eBird,Low,Least Concern,Schedule-IV,*,
536,Motacillidae (Wagtails and Pipits),Citrine Wagtail,Motacilla citreola,eBird,Low,Least Concern,Schedule-IV,*,
537,Motacillidae (Wagtails and Pipits),White-browed Wagtail,Motacilla maderaspatensis,eBird,Moderate,Least Concern,Schedule-IV,*,
538,Motacillidae (Wagtails and Pipits),White Wagtail,Motacilla alba,eBird,Moderate,Least Concern,Schedule-IV,,
539,Motacillidae (Wagtails and Pipits),Richard's Pipit,Anthus richardi,eBird,Moderate,Least Concern,Schedule-IV,*,
540,Motacillidae (Wagtails and Pipits),Paddyfield Pipit,Anthus rufulus,eBird,Low,Least Concern,Schedule-IV,*,
541,Motacillidae (Wagtails and Pipits),Blyth's Pipit,Anthus godlewskii,eBird,Low,Least Concern,Schedule-IV,*,
542,Motacillidae (Wagtails and Pipits),Rosy Pipit,Anthus roseatus,eBird,Low,Least Concern,Schedule-IV,,
543,Motacillidae (Wagtails and Pipits),Olive-backed Pipit,Anthus hodgsoni,eBird,Moderate,Least Concern,Schedule-IV,,
544,"Fringillidae (Finches, Euphonias, and Allies)",Collared Grosbeak,Mycerobas affinis,eBird,Moderate,Least Concern,Schedule-IV,*,
545,"Fringillidae (Finches, Euphonias, and Allies)",Common Rosefinch,Carpodacus erythrinus,eBird,Low,Least Concern,Schedule-IV,*,
546,"Fringillidae (Finches, Euphonias, and Allies)",Scarlet Finch,Carpodacus sipahi,eBird,Low,Least Concern,Schedule-IV,*,
547,"Fringillidae (Finches, Euphonias, and Allies)",Dark-rumped Rosefinch,Carpodacus edwardsii,eBird,NA,Least Concern,Schedule-IV,*,
548,"Fringillidae (Finches, Euphonias, and Allies)",Crimson-browed Finch,Carpodacus subhimachalus,eBird,Moderate,Least Concern,Schedule-IV,,
549,"Fringillidae (Finches, Euphonias, and Allies)",Chinese White-browed Rosefinch,Carpodacus dubius,eBird,NA,Least Concern,Schedule-IV,*,
550,"Fringillidae (Finches, Euphonias, and Allies)",Brown Bullfinch,Pyrrhula nipalensis,eBird,Moderate,Least Concern,Schedule-IV,*,
551,"Fringillidae (Finches, Euphonias, and Allies)",Gray-headed Bullfinch,Pyrrhula erythaca,eBird,NA,Least Concern,Schedule-IV,,
552,"Fringillidae (Finches, Euphonias, and Allies)",Gold-naped Finch,Pyrrhoplectes epauletta,eBird,Moderate,Least Concern,Schedule-IV,*,
553,"Fringillidae (Finches, Euphonias, and Allies)",Dark-breasted Rosefinch,Procarduelis nipalensis,eBird,Low,Least Concern,Schedule-IV,*,
554,"Fringillidae (Finches, Euphonias, and Allies)",Plain Mountain-Finch,Leucosticte nemoricola,eBird,Low,Least Concern,Schedule-IV,*,
555,"Fringillidae (Finches, Euphonias, and Allies)",Black-headed Greenfinch,Chloris ambigua,eBird,NA,Least Concern,Schedule-IV,,
556,Emberizidae (Old World Buntings),Crested Bunting,Emberiza lathami,eBird,Moderate,Least Concern,Schedule-IV,,
557,Emberizidae (Old World Buntings),Chestnut-eared Bunting,Emberiza fucata,eBird,NA,Least Concern,Schedule-IV,,
558,Emberizidae (Old World Buntings),Yellow-breasted Bunting,Emberiza aureola,eBird,High,Critically Endangered,Schedule-IV,*,
559,Emberizidae (Old World Buntings),Little Bunting,Emberiza pusilla,eBird,NA,Least Concern,Schedule-IV,,
560,Emberizidae (Old World Buntings),Rustic Bunting,Emberiza rustica,eBird,NA,NA,NA,*,
561,Emberizidae (Old World Buntings),Black-faced Bunting,Emberiza spodocephala,eBird,NA,Least Concern,Schedule-IV,*,
562,Emberizidae (Old World Buntings),Chestnut Bunting,Emberiza rutila,eBird,NA,Least Concern,Schedule-IV,*,
563,Emberizidae (Old World Buntings),Tristram's Bunting,Emberiza tristrami,eBird,NA,Least Concern,Schedule-IV,*,
